,precision,recall,f1-score,support
0,0.8842105263157894,0.8221859706362153,0.8520710059171599,1226.0
1,0.8728323699421965,0.8628571428571429,0.8678160919540231,1225.0
2,0.8365145228215768,0.8221859706362153,0.8292883587001234,1226.0
3,0.836552748885587,0.9191836734693878,0.8759237650719565,1225.0
accuracy,0.8565891472868217,0.8565891472868217,0.8565891472868217,0.8565891472868217
macro avg,0.8575275419912874,0.8566031893997402,0.8562748054108158,4902.0
weighted avg,0.8575286986549258,0.8565891472868217,0.856268442651492,4902.0
